City,Count,households,population,households_per_count,population_per_count,Dispersion,SpatialEntropy
新北市,1625,1717815,4047001,1057.116923076923,2490.462153846154,0.1592602638013161,2.9961266713277697
