City,Count,households,population,households_per_count,population_per_count,Dispersion,SpatialEntropy
新北市,180,1717815,4047001,9543.416666666666,22483.338888888888,0.1492762606895006,2.7502803118870633
