City,Count,households,population,households_per_count,population_per_count,Dispersion,SpatialEntropy
新北市,9390,1717815,4047001,182.94089456869008,430.99052183173586,0.11147632462994742,2.648258675669491
