City,Count,households,population,households_per_count,population_per_count,Dispersion,SpatialEntropy
臺北市,240,1071493,2490869,4464.554166666667,10378.620833333332,0.06061341133158737,3.325821659769075
