City,Count,households,population,households_per_count,population_per_count,Dispersion,SpatialEntropy
臺北市,2672,1071493,2490869,401.0078592814371,932.2114520958083,0.06190130039796432,0.9925343931098147
