City,Count,households,population,households_per_count,population_per_count,Dispersion,SpatialEntropy
臺北市,382,1071493,2490869,2804.955497382199,6520.59947643979,0.06437154613902538,3.6372061032898335
