City,Count,households,population,households_per_count,population_per_count,Dispersion,SpatialEntropy
臺北市,23567,1071493,2490869,45.46582085119022,105.69308779225187,0.057370186407274,3.4201802870253033
